Family,First,Last,Flips,Percentage
Bonaldi,tractor,tractor,0,0
Malaza,stan,stan,0,0
Manolesso,stan,stan,0,0
Casolo,stan,stan,0,0
Dauro,stan,stan,0,0
Marcello,stan,stan,0,0
Bon,tractor,stan,1,0.2
Longo,stan,tractor,1,0.166667
"da Tumba",stan,stan,0,0
Coppo,stan,tractor,1,0.5
Zusto,stan,stan,0,0
Dolfin,stan,stan,0,0
Gritti,tractor,stan,1,0.5
Veglia,stan,tractor,1,0.5
Bosio,stan,stan,0,0
Fradello,tractor,stan,1,0.5
Grioni,stan,stan,0,0
Groscalco,stan,stan,0,0
Pentulo,tractor,stan,1,0.5
Cavalerio,stan,stan,0,0
Barozzi,stan,stan,0,0
Abriano,stan,stan,0,0
Venier,tractor,tractor,6,0.461538
Caravello,stan,stan,0,0
Roberto,stan,stan,0,0
Rosso,stan,tractor,1,0.333333
"da Ferraguto",tractor,tractor,0,0
Lanfranchi,tractor,tractor,0,0
Querini,stan,stan,0,0
Ruzier,tractor,tractor,0,0
Pizolo,tractor,tractor,0,0
Barbo,stan,tractor,1,0.1
Grego,stan,stan,0,0
Viaro,tractor,stan,3,0.136364
Vitaliano,tractor,tractor,0,0
Agadi,stan,stan,0,0
Tonisti,tractor,tractor,0,0
Orio,tractor,tractor,0,0
Zorzi,stan,stan,0,0
Zantani,tractor,stan,1,0.5
Mazaman,stan,stan,0,0
Pagan,tractor,tractor,0,0
Messeta,stan,stan,0,0
Ardizon,stan,stan,0,0
Nicola,stan,stan,0,0
Mastroscoli,tractor,tractor,0,0
Addoldo,stan,stan,0,0
Premarin,stan,stan,0,0
Grasso,stan,stan,0,0
Navigroso,stan,stan,0,0
Istrigo,stan,stan,0,0
Arduini,stan,stan,0,0
Urso,tractor,stan,1,0.5
"di Loreo",stan,stan,0,0
Alberto,stan,stan,0,0
Dolce,stan,stan,0,0
"di Bruges",tractor,tractor,0,0
Bellono,stan,stan,0,0
Pigozo,tractor,tractor,0,0
Curtolo,tractor,stan,1,0.333333
"di Guazo",stan,stan,0,0
"da Vicenza",tractor,tractor,0,0
Anastasio,tractor,tractor,0,0
Balestrieri,stan,stan,0,0
Balbi,stan,stan,0,0
Corner,tractor,tractor,8,0.444444
Spoletino,tractor,tractor,0,0
"Lissado da Luprio",tractor,tractor,0,0
Barbarigo,stan,stan,0,0
"de Galletto",stan,stan,0,0
Villano,stan,stan,0,0
Francesco,tractor,tractor,0,0
Nani,stan,stan,0,0
Nadal,stan,stan,0,0
Marzulo,stan,stan,0,0
Ghisi,stan,tractor,1,0.5
Bendolo,tractor,tractor,0,0
Marioni,stan,stan,0,0
Copula,stan,stan,0,0
Rustico,stan,stan,0,0
Orefice,stan,stan,0,0
Acotanto,tractor,tractor,0,0
Tolonegi,stan,stan,0,0
Marano,tractor,tractor,2,0.25
Bembo,stan,tractor,1,0.2
Zulian,tractor,tractor,0,0
Giacomo,tractor,tractor,0,0
Veronese,stan,stan,0,0
Signolo,tractor,tractor,0,0
Civran,stan,stan,0,0
Romani,tractor,tractor,0,0
Mangoni,stan,stan,0,0
D'Avanzago,tractor,tractor,0,0
Mercadante,stan,stan,0,0
Soranzo,stan,tractor,1,0.142857
Ragusio,tractor,tractor,0,0
Michiel,stan,stan,4,0.4
Avenanzo,stan,stan,0,0
Bozolino,tractor,tractor,0,0
"Dalla Fontana",stan,stan,0,0
Tiepolo,tractor,tractor,4,0.444444
Staniario,tractor,tractor,2,0.285714
Businago,stan,tractor,1,0.5
Centocori,stan,stan,0,0
Semitecolo,stan,tractor,1,0.2
Polini,stan,stan,0,0
Contarini,tractor,stan,1,0.25
Albizzo,stan,stan,0,0
Muazzo,stan,stan,0,0
Valaresso,stan,stan,0,0
Capello,stan,stan,0,0
Savoner,stan,stan,0,0
Bilongo,tractor,tractor,0,0
Morosini,tractor,stan,3,0.6
Miani,tractor,tractor,0,0
Villari,stan,stan,0,0
Donato,stan,stan,0,0
Belegno,stan,stan,0,0
Pasqualigo,tractor,tractor,0,0
Sirano,tractor,tractor,0,0
Bianco,tractor,tractor,0,0
Mastrorso,stan,stan,0,0
Trevisan,stan,tractor,7,0.538462
Boccazo,stan,stan,0,0
Moro,tractor,tractor,0,0
Bonizzo,stan,stan,0,0
"Bocca d'Uomo",tractor,tractor,0,0
Encio,stan,stan,0,0
Batello,tractor,tractor,0,0
Maciacavallo,stan,stan,0,0
Gussoni,stan,tractor,1,0.333333
"Da Mula",tractor,stan,1,0.25
"Da Fano",tractor,tractor,0,0
Marin,stan,tractor,1,0.25
Russo,tractor,tractor,0,0
"di Burges",tractor,tractor,0,0
Fel,tractor,stan,1,0.5
Giacobbe,tractor,tractor,0,0
D'Equilo,tractor,tractor,0,0
Scutario,stan,stan,0,0
Baseggio,tractor,stan,1,0.5
Tebaldo,stan,stan,0,0
Senadori,stan,stan,0,0
Darpin,stan,stan,0,0
"de Albrigeto",tractor,tractor,0,0
Gradenigo,tractor,stan,15,0.384615
Simone,tractor,tractor,0,0
Marangon,tractor,tractor,0,0
Faccio,tractor,tractor,0,0
Albino,stan,stan,0,0
Minio,tractor,stan,1,0.333333
Speziale,stan,stan,0,0
Vitturi,tractor,tractor,0,0
Giustinian,stan,stan,0,0
Baro,tractor,tractor,0,0
Barbani,stan,stan,0,0
Fiorentino,stan,stan,0,0
Mastropetro,stan,stan,0,0
Mosto,stan,stan,0,0
Calbo,tractor,tractor,0,0
Katarino,tractor,tractor,0,0
Simitecolo,tractor,tractor,0,0
Foscolo,tractor,tractor,0,0
Ziani,stan,stan,0,0
"di Albiola",tractor,tractor,0,0
Guido,tractor,stan,1,0.5
Mocenigo,stan,stan,0,0
Manguni,stan,stan,0,0
"de Manzolo",tractor,tractor,0,0
Iantani,stan,stan,0,0
Falier,tractor,stan,1,0.111111
Squaglia,tractor,tractor,0,0
Seio,stan,stan,0,0
Gramentuni,stan,stan,0,0
Dandolo,stan,stan,0,0
Zane,stan,stan,0,0
Marzolo,stan,stan,0,0
"de Ranerio",stan,stan,0,0
Badoer,stan,stan,2,0.285714
Lombardo,tractor,tractor,0,0
Spatario,stan,stan,0,0
Vidal,tractor,tractor,0,0
Grimani,stan,stan,0,0
Storladi,stan,stan,0,0
Bredani,stan,stan,0,0
"da Mantova",stan,stan,0,0
d'Albiola,tractor,tractor,0,0
Tomato,stan,stan,0,0
"Da Molin",tractor,stan,5,0.454545
Voltani,stan,stan,0,0
"de Suligo",tractor,tractor,0,0
Centosoldi,stan,stan,0,0
"di donna Maria",stan,stan,0,0
Pergaminer,tractor,tractor,0,0
"di Troia",stan,stan,0,0
Arimondo,stan,stan,0,0
Navager,stan,stan,0,0
Barastro,stan,stan,2,0.5
Canal,stan,stan,2,0.4
Belli,tractor,tractor,0,0
Emo,tractor,tractor,0,0
